,Strain,Drug,Dose,Timept_h,Batch,Time_bin,Group,Reference
Rv_ND_T0_Set_A_R1_S1,H37Rv,Untreated,0,0,1,2,-1,0
Rv_ND_T0_Set_B_R1_S19,H37Rv,Untreated,0,0,1,2,-1,0
Rv_ND_T0_Set_A_R2_S2,H37Rv,Untreated,0,0,2,2,-1,0
Rv_ND_T0_Set_B_R2_S20,H37Rv,Untreated,0,0,2,2,-1,0
5_DELTRUE_D0_DrugRNAseq_U_R,H37Rv,DEL,0.09uM,0,4,2,-1,0
6_DELTRUE_D0_DrugRNAseq_U_R,H37Rv,DEL,0.09uM,0,4,2,-1,0
7_DELTRUE_D0_DrugRNAseq_U_R,H37Rv,DEL,0.09uM,0,4,2,-1,0
8_DELTRUE_D0_DrugRNAseq_U_R,H37Rv,DEL,0.09uM,0,4,2,-1,0
1_DELFALSE_D0_DrugRNAseq_U_R,H37Rv,Untreated,0,0,4,2,-1,0
2_DELFALSE_D0_DrugRNAseq_U_R,H37Rv,Untreated,0,0,4,2,-1,0
3_DELFALSE_D0_DrugRNAseq_U_R,H37Rv,Untreated,0,0,4,2,-1,0
4_DELFALSE_D0_DrugRNAseq_U_R,H37Rv,Untreated,0,0,4,2,-1,0
5_SUTTRUE_D0_DrugRNAseq_U_R,H37Rv,SUT,5.6uM,0,5,2,-1,0
6_SUTTRUE_D0_DrugRNAseq_U_R,H37Rv,SUT,5.6uM,0,5,2,-1,0
7_SUTTRUE_D0_DrugRNAseq_U_R,H37Rv,SUT,5.6uM,0,5,2,-1,0
8_SUTTRUE_D0_DrugRNAseq_U_R,H37Rv,SUT,5.6uM,0,5,2,-1,0
1_SUTFALSE_D0_DrugRNAseq_U_R,H37Rv,Untreated,0,0,5,2,-1,0
2_SUTFALSE_D0_DrugRNAseq_U_R,H37Rv,Untreated,0,0,5,2,-1,0
3_SUTFALSE_D0_DrugRNAseq_U_R,H37Rv,Untreated,0,0,5,2,-1,0
4_SUTFALSE_D0_DrugRNAseq_U_R,H37Rv,Untreated,0,0,5,2,-1,0
1_VERFALSE_D0_DrugRNAseq_U_R,H37Rv,Untreated,0,0,6,2,-1,0
2_VERFALSE_D0_DrugRNAseq_U_R,H37Rv,Untreated,0,0,6,2,-1,0
3_VERFALSE_D0_DrugRNAseq_U_R,H37Rv,Untreated,0,0,6,2,-1,0
4_VERFALSE_D0_DrugRNAseq_U_R,H37Rv,Untreated,0,0,6,2,-1,0
5_VERTRUE_D0_DrugRNAseq_U_R,H37Rv,VER,176uM,0,6,2,-1,0
6_VERTRUE_D0_DrugRNAseq_U_R,H37Rv,VER,176uM,0,6,2,-1,0
7_VERTRUE_D0_DrugRNAseq_U_R,H37Rv,VER,176uM,0,6,2,-1,0
8_VERTRUE_D0_DrugRNAseq_U_R,H37Rv,VER,176uM,0,6,2,-1,0
5_EMBTRUE_D0_DrugRNAseq_U_R,H37Rv,EMB,2.45uM,0,7,2,-1,0
6_EMBTRUE_D0_DrugRNAseq_U_R,H37Rv,EMB,2.45uM,0,7,2,-1,0
7_EMBTRUE_D0_DrugRNAseq_U_R,H37Rv,EMB,2.45uM,0,7,2,-1,0
8_EMBTRUE_D0_DrugRNAseq_U_R,H37Rv,EMB,2.45uM,0,7,2,-1,0
1_EMBFALSE_D0_DrugRNAseq_U_R,H37Rv,Untreated,0,0,7,2,-1,0
2_EMBFALSE_D0_DrugRNAseq_U_R,H37Rv,Untreated,0,0,7,2,-1,0
3_EMBFALSE_D0_DrugRNAseq_U_R,H37Rv,Untreated,0,0,7,2,-1,0
4_EMBFALSE_D0_DrugRNAseq_U_R,H37Rv,Untreated,0,0,7,2,-1,0
5_DDSTRUE_D0_DrugRNAseq_U_R,H37Rv,Dapsone,25uM,0,8,2,-1,0
6_DDSTRUE_D0_DrugRNAseq_U_R,H37Rv,Dapsone,25uM,0,8,2,-1,0
7_DDSTRUE_D0_DrugRNAseq_U_R,H37Rv,Dapsone,25uM,0,8,2,-1,0
8_DDSTRUE_D0_DrugRNAseq_U_R,H37Rv,Dapsone,25uM,0,8,2,-1,0
1_DDSFALSE_D0_DrugRNAseq_U_R,H37Rv,Untreated,0,0,8,2,-1,0
2_DDSFALSE_D0_DrugRNAseq_U_R,H37Rv,Untreated,0,0,8,2,-1,0
3_DDSFALSE_D0_DrugRNAseq_U_R,H37Rv,Untreated,0,0,8,2,-1,0
4_DDSFALSE_D0_DrugRNAseq_U_R,H37Rv,Untreated,0,0,8,2,-1,0
5_LZDTRUE_D0_DrugRNAseq_U_R,H37Rv,LZD,4uM,0,9,2,-1,0
6_LZDTRUE_D0_DrugRNAseq_U_R,H37Rv,LZD,4uM,0,9,2,-1,0
7_LZDTRUE_D0_DrugRNAseq_U_R,H37Rv,LZD,4uM,0,9,2,-1,0
8_LZDTRUE_D0_DrugRNAseq_U_R,H37Rv,LZD,4uM,0,9,2,-1,0
1_LZDFALSE_D0_DrugRNAseq_U_R,H37Rv,Untreated,0,0,9,2,-1,0
2_LZDFALSE_D0_DrugRNAseq_U_R,H37Rv,Untreated,0,0,9,2,-1,0
3_LZDFALSE_D0_DrugRNAseq_U_R,H37Rv,Untreated,0,0,9,2,-1,0
4_LZDFALSE_D0_DrugRNAseq_U_R,H37Rv,Untreated,0,0,9,2,-1,0
5_SMXTRUE_D0_DrugRNAseq_U_R,H37Rv,SMX,12.5uM,0,10,2,-1,0
6_SMXTRUE_D0_DrugRNAseq_U_R,H37Rv,SMX,12.5uM,0,10,2,-1,0
7_SMXTRUE_D0_DrugRNAseq_U_R,H37Rv,SMX,12.5uM,0,10,2,-1,0
1_SMXFALSE_D0_DrugRNAseq_U_R,H37Rv,Untreated,0,0,10,2,-1,0
2_SMXFALSE_D0_DrugRNAseq_U_R,H37Rv,Untreated,0,0,10,2,-1,0
3_SMXFALSE_D0_DrugRNAseq_U_R,H37Rv,Untreated,0,0,10,2,-1,0
SQTRUE_D0_DrugRNAseq_U_R1,H37Rv,SQ109,3uM,0,11,2,-1,0
SQTRUE_D0_DrugRNAseq_U_R2,H37Rv,SQ109,3uM,0,11,2,-1,0
SQTRUE_D0_DrugRNAseq_U_R3,H37Rv,SQ109,3uM,0,11,2,-1,0
SQTRUE_D0_DrugRNAseq_U_R4,H37Rv,SQ109,3uM,0,11,2,-1,0
SQFALSE_D0_DrugRNAseq_U_R1,H37Rv,Untreated,0,0,11,2,-1,0
SQFALSE_D0_DrugRNAseq_U_R2,H37Rv,Untreated,0,0,11,2,-1,0
SQFALSE_D0_DrugRNAseq_U_R3,H37Rv,Untreated,0,0,11,2,-1,0
SQFALSE_D0_DrugRNAseq_U_R4,H37Rv,Untreated,0,0,11,2,-1,0
CLATRUE_D0_DrugRNAseq_U_R1,H37Rv,CLA,20uM,0,12,2,-1,0
CLATRUE_D0_DrugRNAseq_U_R2,H37Rv,CLA,20uM,0,12,2,-1,0
CLATRUE_D0_DrugRNAseq_U_R3,H37Rv,CLA,20uM,0,12,2,-1,0
CLAFALSE_D0_DrugRNAseq_U_R1,H37Rv,Untreated,0,0,12,2,-1,0
CLAFALSE_D0_DrugRNAseq_U_R2,H37Rv,Untreated,0,0,12,2,-1,0
CLAFALSE_D0_DrugRNAseq_U_R3,H37Rv,Untreated,0,0,12,2,-1,0
1_P218TRUE_D0_DrugRNAseq_U_R,H37Rv,P218,0.1uM,0,13,2,-1,0
2_P218TRUE_D0_DrugRNAseq_U_R,H37Rv,P218,0.1uM,0,13,2,-1,0
3_P218TRUE_D0_DrugRNAseq_U_R,H37Rv,P218,0.1uM,0,13,2,-1,0
4_P218TRUE_D0_DrugRNAseq_U_R,H37Rv,P218,0.1uM,0,13,2,-1,0
5_P218FALSE_D0_DrugRNAseq_U_R,H37Rv,Untreated,0,0,13,2,-1,0
6_P218FALSE_D0_DrugRNAseq_U_R,H37Rv,Untreated,0,0,13,2,-1,0
7_P218FALSE_D0_DrugRNAseq_U_R,H37Rv,Untreated,0,0,13,2,-1,0
8_P218FALSE_D0_DrugRNAseq_U_R,H37Rv,Untreated,0,0,13,2,-1,0
BTZTRUE_D0_DrugRNAseq_U_R1,H37Rv,BTZ043,0.006uM,0,14,2,-1,0
BTZTRUE_D0_DrugRNAseq_U_R2,H37Rv,BTZ043,0.006uM,0,14,2,-1,0
BTZTRUE_D0_DrugRNAseq_U_R3,H37Rv,BTZ043,0.006uM,0,14,2,-1,0
BTZFALSE_D0_DrugRNAseq_U_R1,H37Rv,Untreated,0,0,14,2,-1,0
BTZFALSE_D0_DrugRNAseq_U_R2,H37Rv,Untreated,0,0,14,2,-1,0
BTZFALSE_D0_DrugRNAseq_U_R3,H37Rv,Untreated,0,0,14,2,-1,0
GSM4818888,H37Rv,Untreated,0,0,15,2,-1,0
GSM4818889,H37Rv,Untreated,0,0,15,2,-1,0
GSM4818890,H37Rv,Untreated,0,0,15,2,-1,0
H37RvNDT0R1_S1_R1,H37Rv,Untreated,0,0,20,2,-1,0
H37RvNDT0R2_S2_R1,H37Rv,Untreated,0,0,20,2,-1,0
H37RvNDT0R3_S3_R1,H37Rv,Untreated,0,0,20,2,-1,0
H37Rv_ND_RPE_T0_R1_S13,H37Rv,Untreated,0,0,21,2,-1,0
H37Rv_ND_RPE_T0_R2_S14,H37Rv,Untreated,0,0,21,2,-1,0
H37Rv_ND_RPE_T0_R3_S15,H37Rv,Untreated,0,0,21,2,-1,0
H37Rv_ND_PZA_T0_R1_S1,H37Rv,Untreated,0,0,22,2,-1,0
H37Rv_ND_PZA_T0_R2_S2,H37Rv,Untreated,0,0,22,2,-1,0
H37Rv_ND_PZA_T0_R3_S3,H37Rv,Untreated,0,0,22,2,-1,0
CDC1551_RIF_D0_OTB.Transcriptomics_U_R1,CDC1551,Untreated,0,0,23,2,-1,0
CDC1552_RIF_D0_OTB.Transcriptomics_U_R2,CDC1551,Untreated,0,0,23,2,-1,0
CDC1553_RIF_D0_OTB.Transcriptomics_U_R3,CDC1551,Untreated,0,0,23,2,-1,0
H37Rv_RIF_D0_OTB.Transcriptomics_U_R1,H37Rv,Untreated,0,0,23,2,-1,0
H37Rv_RIF_D0_OTB.Transcriptomics_U_R2,H37Rv,Untreated,0,0,23,2,-1,0
H37Rv_RIF_D0_OTB.Transcriptomics_U_R3,H37Rv,Untreated,0,0,23,2,-1,0
HN878_RIF_D0_OTB.Transcriptomics_U_R1,HN878,Untreated,0,0,23,2,-1,0
HN878_RIF_D0_OTB.Transcriptomics_U_R2,HN878,Untreated,0,0,23,2,-1,0
HN878_RIF_D0_OTB.Transcriptomics_U_R3,HN878,Untreated,0,0,23,2,-1,0
SA161_RIF_D0_OTB.Transcriptomics_U_R1,SA161,Untreated,0,0,23,2,-1,0
SA161_RIF_D0_OTB.Transcriptomics_U_R2,SA161,Untreated,0,0,23,2,-1,0
SA161_RIF_D0_OTB.Transcriptomics_U_R3,SA161,Untreated,0,0,23,2,-1,0
SG1_RIF_D0_OTB.Transcriptomics_U_R1,SG1,Untreated,0,0,23,2,-1,0
SG1_RIF_D0_OTB.Transcriptomics_U_R2,SG1,Untreated,0,0,23,2,-1,0
SG1_RIF_D0_OTB.Transcriptomics_U_R3,SG1,Untreated,0,0,23,2,-1,0
T46x_RIF_D0_OTB.Transcriptomics_U_R1,T46,Untreated,0,0,23,2,-1,0
T46x_RIF_D0_OTB.Transcriptomics_U_R2,T46,Untreated,0,0,23,2,-1,0
T46x_RIF_D0_OTB.Transcriptomics_U_R3,T46,Untreated,0,0,23,2,-1,0
A17_PulledDown_S6,HN878,RabbitCaseum,Unknown,-1,25,1,-1,0
B11_PulledDown_S7,HN878,RabbitCaseum,Unknown,-1,25,1,-1,0
B12_PulledDown_S8,HN878,RabbitCaseum,Unknown,-1,25,1,-1,0
B13_PulledDown_S9,HN878,RabbitCaseum,Unknown,-1,25,1,-1,0
B15_PulledDown_S10,HN878,RabbitCaseum,Unknown,-1,25,1,-1,0
B16_PulledDown_S11,HN878,RabbitCaseum,Unknown,-1,25,1,-1,0
HN878_broth_R1_S1,HN878,Untreated,0,-1,26,1,-1,0
HN878_broth_R2_S2,HN878,Untreated,0,-1,26,1,-1,0
HN878_broth_R3_S3,HN878,Untreated,0,-1,26,1,-1,0
HN878_mimic_D7_R1_S4,HN878,JonesMimic,Unknown,168,26,7,-1,0
HN878_mimic_D7_R2_S5,HN878,JonesMimic,Unknown,168,26,7,-1,0
HN878_mimic_D7_R3_S6,HN878,JonesMimic,Unknown,168,26,7,-1,0
HN878_mimic_D14_R1_S7,HN878,JonesMimic,Unknown,336,26,9,-1,0
HN878_mimic_D14_R2_S8,HN878,JonesMimic,Unknown,336,26,9,-1,0
HN878_mimic_D14_R3_S9,HN878,JonesMimic,Unknown,336,26,9,-1,0
HN878_mimic_D28_R1_S10,HN878,JonesMimic,Unknown,672,26,10,-1,0
HN878_mimic_D28_R2_S11,HN878,JonesMimic,Unknown,672,26,10,-1,0
HN878_mimic_D42_R1_S12,HN878,JonesMimic,Unknown,1344,26,11,-1,0
HN878_mimic_D42_R2_S13,HN878,JonesMimic,Unknown,1344,26,11,-1,0
HN878_mimic_D42_R3_S14,HN878,JonesMimic,Unknown,1344,26,11,-1,0
KA_2_S12,HN878,Thp1Cells,Unknown,-1,27,1,-1,0
KA_3_S13,HN878,Thp1Cells,Unknown,-1,27,1,-1,0
HN878_R1_1Probe,HN878,Untreated,0,-1,27,1,-1,0
HN878_R2_1Probe,HN878,Untreated,0,-1,27,1,-1,0
iMTB_0_S31,HN878,IrradiatedMimic,Unknown,0,27,2,-1,0
Stearic_acid_0_S29,HN878,Stearic Acid,Unknown,0,27,2,-1,0
Stearic_acid_14_S30,HN878,Stearic Acid,Unknown,336,27,9,-1,0
iMTB_28_S19,HN878,IrradiatedMimic,Unknown,672,27,10,-1,0
Stearic_acid_28_S16,HN878,Stearic Acid,Unknown,672,27,10,-1,0
iMTB_42_S20,HN878,IrradiatedMimic,Unknown,1344,27,11,-1,0
Stearic_acid_42_S17,HN878,Stearic Acid,Unknown,1344,27,11,-1,0
LLL_Cav_L2_20mm_18_S24,HN878,RabbitCaseum,Unknown,-1,28,1,-1,0
LLL_Cav_L2_20mm_21_S25,HN878,RabbitCaseum,Unknown,-1,28,1,-1,0
LUL_Cav_L1_15mm_12_S22,HN878,RabbitCaseum,Unknown,-1,28,1,-1,0
LUL_Cav_L1_15_S14,HN878,RabbitCaseum,Unknown,-1,28,1,-1,0
RLL_Cav_Cluster_R4_13mm_23_S26,HN878,RabbitCaseum,Unknown,-1,28,1,-1,0
RLL_Cav_R3_18mm_X_15mm_16_S23,HN878,RabbitCaseum,Unknown,-1,28,1,-1,0
RLL_Cav_R3_28_S15,HN878,RabbitCaseum,Unknown,-1,28,1,-1,0
RUL_Cav_R1_30mm_X_22mm_26_S27,HN878,RabbitCaseum,Unknown,-1,28,1,-1,0
RUL_Cav_R2_18mm_X_12mm_27_S28,HN878,RabbitCaseum,Unknown,-1,28,1,-1,0
RUL_Cav_R2_18mm_X_12mm_8_S21,HN878,RabbitCaseum,Unknown,-1,28,1,-1,0
R002_12_S4,HN878,RabbitCaseum,Unknown,-1,29,1,-1,0
R002_14_S5,HN878,RabbitCaseum,Unknown,-1,29,1,-1,0
R002_3_S1,HN878,RabbitCaseum,Unknown,-1,29,1,-1,0
R002_7_S2,HN878,RabbitCaseum,Unknown,-1,29,1,-1,0
R002_9_S3,HN878,RabbitCaseum,Unknown,-1,29,1,-1,0
R006_11_S8,HN878,RabbitCaseum,Unknown,-1,29,1,-1,0
R006_13_S9,HN878,RabbitCaseum,Unknown,-1,29,1,-1,0
R006_17_S10,HN878,RabbitCaseum,Unknown,-1,29,1,-1,0
R006_19_S11,HN878,RabbitCaseum,Unknown,-1,29,1,-1,0
R006_7_S6,HN878,RabbitCaseum,Unknown,-1,29,1,-1,0
R006_9_S7,HN878,RabbitCaseum,Unknown,-1,29,1,-1,0
R011_L1_30_S27,HN878,RabbitCaseum,Unknown,-1,30,1,-1,0
R011_L41_22_S23,HN878,RabbitCaseum,Unknown,-1,30,1,-1,0
R011_L5_18_S21,HN878,RabbitCaseum,Unknown,-1,30,1,-1,0
R011_L5_19_S22,HN878,RabbitCaseum,Unknown,-1,30,1,-1,0
R011_R1_8_S16,HN878,RabbitCaseum,Unknown,-1,30,1,-1,0
R011_R2_13_S19,HN878,RabbitCaseum,Unknown,-1,30,1,-1,0
R011_R3_25_S24,HN878,RabbitCaseum,Unknown,-1,30,1,-1,0
R011_R4_31_S28,HN878,RabbitCaseum,Unknown,-1,30,1,-1,0
Rv_T0_Set_A_1__R1__S22,H37Rv,Untreated,0,0,31,2,-1,0
Rv_T0_Set_A_1__R2_S23,H37Rv,Untreated,0,0,31,2,-1,0
Rv_T0_Set_A_1__R3_S24,H37Rv,Untreated,0,0,31,2,-1,0
Rv_T0_Set_A_2__R1__S31,H37Rv,Untreated,0,0,31,2,-1,0
Rv_T0_Set_A_2__R2_S32,H37Rv,Untreated,0,0,31,2,-1,0
Rv_T0_Set_B_1_R1__S45,H37Rv,Untreated,0,0,32,2,-1,0
Rv_T0_Set_B_1_R2_S46,H37Rv,Untreated,0,0,32,2,-1,0
Rv_4X_AMK_MIC_T16_H2O_Set_A_R1_S11,H37Rv,AMK+H2O,4xMIC,16,1,5,1,0
Rv_4X_AMK_MIC_T16_H2O_Set_B_R1_S29,H37Rv,AMK+H2O,4xMIC,16,1,5,1,0
Rv_ND_T16_Set_A_H2O_R1_S5,H37Rv,H2O,0,16,1,5,1,1
Rv_ND_T16_Set_B_H2O_R1_S23,H37Rv,H2O,0,16,1,5,1,1
Rv_4X_BDQ_MIC_T16_DMSO_Set_A_R1_S13,H37Rv,BDQ+DMSO,2uM,16,1,5,2,0
Rv_4X_BDQ_MIC_T16_DMSO_Set_B_R1_S31,H37Rv,BDQ+DMSO,2uM,16,1,5,2,0
Rv_ND_T16_Set_A_DMSO_R1_S3,H37Rv,DMSO,0,16,1,5,2,1
Rv_ND_T16_Set_B_DMSO_R1_S21,H37Rv,DMSO,0,16,1,5,2,1
Rv_4X_KasA2_MIC_T16_DMSO_Set_A_R1_S9,H37Rv,KasA2+DMSO,0.144uM,16,1,5,2,0
Rv_4X_KasA2_MIC_T16_DMSO_Set_B_R1_S27,H37Rv,KasA2+DMSO,0.144uM,16,1,5,2,0
Rv_4X_LVF_MIC_T16_DMSO_Set_A_R1_S17,H37Rv,LVF+DMSO,4xMIC,16,1,5,2,0
Rv_4X_LVF_MIC_T16_DMSO_Set_B_R1_S35,H37Rv,LVF+DMSO,4xMIC,16,1,5,2,0
Rv_4X_CPF_MIC_T16_0_5M_NaOH_Set_A_R1_S15,H37Rv,CPF+NaOH,12uM,16,1,5,3,0
Rv_4X_CPF_MIC_T16_0_5M_NaOH_Set_B_R1_S33,H37Rv,CPF+NaOH,12uM,16,1,5,3,0
Rv_ND_T16_Set_A_0_5M_NaOH_R1_S7,H37Rv,NaOH,0,16,1,5,3,1
Rv_ND_T16_Set_B_0_5M_NaOH_R1_S25,H37Rv,NaOH,0,16,1,5,3,1
Rv_4X_AMK_MIC_T16_H2O_Set_A_R2_S12,H37Rv,AMK+H2O,4xMIC,16,2,5,4,0
Rv_4X_AMK_MIC_T16_H2O_Set_B_R2_S30,H37Rv,AMK+H2O,4xMIC,16,2,5,4,0
Rv_ND_T16_Set_A_H2O_R2_S6,H37Rv,H2O,0,16,2,5,4,1
Rv_ND_T16_Set_B_H2O_R2_S24,H37Rv,H2O,0,16,2,5,4,1
Rv_4X_BDQ_MIC_T16_DMSO_Set_A_R2_S14,H37Rv,BDQ+DMSO,2uM,16,2,5,5,0
Rv_4X_BDQ_MIC_T16_DMSO_Set_B_R2_S32,H37Rv,BDQ+DMSO,2uM,16,2,5,5,0
Rv_ND_T16_Set_A_DMSO_R2_S4,H37Rv,DMSO,0,16,2,5,5,1
Rv_ND_T16_Set_B_DMSO_R2_S22,H37Rv,DMSO,0,16,2,5,5,1
Rv_4X_KasA2_MIC_T16_DMSO_Set_A_R2_S10,H37Rv,KasA2+DMSO,0.144uM,16,2,5,5,0
Rv_4X_KasA2_MIC_T16_DMSO_Set_B_R2_S28,H37Rv,KasA2+DMSO,0.144uM,16,2,5,5,0
Rv_4X_LVF_MIC_T16_DMSO_Set_A_R2_S18,H37Rv,LVF+DMSO,4xMIC,16,2,5,5,0
Rv_4X_LVF_MIC_T16_DMSO_Set_B_R2_S36,H37Rv,LVF+DMSO,4xMIC,16,2,5,5,0
Rv_4X_CPF_MIC_T16_0_5M_NaOH_Set_A_R2_S16,H37Rv,CPF+NaOH,12uM,16,2,5,6,0
Rv_4X_CPF_MIC_T16_0_5M_NaOH_Set_B_R2_S34,H37Rv,CPF+NaOH,12uM,16,2,5,6,0
Rv_ND_T16_Set_A_0_5M_NaOH_R2_S8,H37Rv,NaOH,0,16,2,5,6,1
Rv_ND_T16_Set_B_0_5M_NaOH_R2_S26,H37Rv,NaOH,0,16,2,5,6,1
L1_S2,H37Rv,LAN,200uM,-1,3,1,7,0
L2_S5,H37Rv,LAN,200uM,-1,3,1,7,0
L3_S8,H37Rv,LAN,200uM,-1,3,1,7,0
NCA_0_25R1_S31,H37Rv,NCA,0.25ug/mL,-1,3,1,7,0
NCA_0_25R2_S32,H37Rv,NCA,0.25ug/mL,-1,3,1,7,0
NCA_0_25R3_S33,H37Rv,NCA,0.25ug/mL,-1,3,1,7,0
NCA_0_5R1_S34,H37Rv,NCA,0.5ug/mL,-1,3,1,7,0
NCA_0_5R2_S35,H37Rv,NCA,0.5ug/mL,-1,3,1,7,0
NCA_0_5R3_S36,H37Rv,NCA,0.5ug/mL,-1,3,1,7,0
NCA_1R1_S37,H37Rv,NCA,1ug/mL,-1,3,1,7,0
NCA_1R2_S38,H37Rv,NCA,1ug/mL,-1,3,1,7,0
NCA_1R3_S39,H37Rv,NCA,1ug/mL,-1,3,1,7,0
O1_S3,H37Rv,OMP,400uM,-1,3,1,7,0
O2_S6,H37Rv,OMP,400uM,-1,3,1,7,0
O3_S9,H37Rv,OMP,400uM,-1,3,1,7,0
AP800_S12,H37Rv,PAN,800uM,-1,3,1,7,0
BP800_S18,H37Rv,PAN,800uM,-1,3,1,7,0
CP800_S24,H37Rv,PAN,800uM,-1,3,1,7,0
AP80_S13,H37Rv,PAN,80uM,-1,3,1,7,0
BP80_S19,H37Rv,PAN,80uM,-1,3,1,7,0
CP80_S25,H37Rv,PAN,80uM,-1,3,1,7,0
AR200_S10,H37Rv,RAB,200uM,-1,3,1,7,0
BR200_S16,H37Rv,RAB,200uM,-1,3,1,7,0
CR200_S22,H37Rv,RAB,200uM,-1,3,1,7,0
AR80_S11,H37Rv,RAB,80uM,-1,3,1,7,0
BR80_S17,H37Rv,RAB,80uM,-1,3,1,7,0
CR80_S23,H37Rv,RAB,80uM,-1,3,1,7,0
AUNT_S15,H37Rv,Untreated,0,-1,3,1,7,1
BUNT_S21,H37Rv,Untreated,0,-1,3,1,7,1
CUNT_S27,H37Rv,Untreated,0,-1,3,1,7,1
U1_S1,H37Rv,Untreated,0,-1,3,1,7,1
U2_S4,H37Rv,Untreated,0,-1,3,1,7,1
U3_S7,H37Rv,Untreated,0,-1,3,1,7,1
Untreat_R1_S28,H37Rv,Untreated,0,-1,3,1,7,1
Untreat_R2_S29,H37Rv,Untreated,0,-1,3,1,7,1
Untreat_R3_S30,H37Rv,Untreated,0,-1,3,1,7,1
AV80_S14,H37Rv,VER,80uM,-1,3,1,7,0
BV80_S20,H37Rv,VER,80uM,-1,3,1,7,0
CV80_S26,H37Rv,VER,80uM,-1,3,1,7,0
5_DELTRUE_D1_DrugRNAseq_U_R,H37Rv,DEL,0.09uM,24,4,5,8,0
6_DELTRUE_D1_DrugRNAseq_U_R,H37Rv,DEL,0.09uM,24,4,5,8,0
7_DELTRUE_D1_DrugRNAseq_U_R,H37Rv,DEL,0.09uM,24,4,5,8,0
8_DELTRUE_D1_DrugRNAseq_U_R,H37Rv,DEL,0.09uM,24,4,5,8,0
1_DELFALSE_D1_DrugRNAseq_U_R,H37Rv,Untreated,0,24,4,5,8,1
2_DELFALSE_D1_DrugRNAseq_U_R,H37Rv,Untreated,0,24,4,5,8,1
3_DELFALSE_D1_DrugRNAseq_U_R,H37Rv,Untreated,0,24,4,5,8,1
4_DELFALSE_D1_DrugRNAseq_U_R,H37Rv,Untreated,0,24,4,5,8,1
5_SUTTRUE_D1_DrugRNAseq_U_R,H37Rv,SUT,5.6uM,24,5,5,9,0
6_SUTTRUE_D1_DrugRNAseq_U_R,H37Rv,SUT,5.6uM,24,5,5,9,0
7_SUTTRUE_D1_DrugRNAseq_U_R,H37Rv,SUT,5.6uM,24,5,5,9,0
8_SUTTRUE_D1_DrugRNAseq_U_R,H37Rv,SUT,5.6uM,24,5,5,9,0
1_SUTFALSE_D1_DrugRNAseq_U_R,H37Rv,Untreated,0,24,5,5,9,1
2_SUTFALSE_D1_DrugRNAseq_U_R,H37Rv,Untreated,0,24,5,5,9,1
3_SUTFALSE_D1_DrugRNAseq_U_R,H37Rv,Untreated,0,24,5,5,9,1
4_SUTFALSE_D1_DrugRNAseq_U_R,H37Rv,Untreated,0,24,5,5,9,1
1_VERFALSE_D1_DrugRNAseq_U_R,H37Rv,Untreated,0,24,6,5,10,1
2_VERFALSE_D1_DrugRNAseq_U_R,H37Rv,Untreated,0,24,6,5,10,1
3_VERFALSE_D1_DrugRNAseq_U_R,H37Rv,Untreated,0,24,6,5,10,1
4_VERFALSE_D1_DrugRNAseq_U_R,H37Rv,Untreated,0,24,6,5,10,1
5_VERTRUE_D1_DrugRNAseq_U_R,H37Rv,VER,176uM,24,6,5,10,0
7_VERTRUE_D1_DrugRNAseq_U_R,H37Rv,VER,176uM,24,6,5,10,0
8_VERTRUE_D1_DrugRNAseq_U_R,H37Rv,VER,176uM,24,6,5,10,0
5_EMBTRUE_D1_DrugRNAseq_U_R,H37Rv,EMB,2.45uM,24,7,5,11,0
6_EMBTRUE_D1_DrugRNAseq_U_R,H37Rv,EMB,2.45uM,24,7,5,11,0
7_EMBTRUE_D1_DrugRNAseq_U_R,H37Rv,EMB,2.45uM,24,7,5,11,0
8_EMBTRUE_D1_DrugRNAseq_U_R,H37Rv,EMB,2.45uM,24,7,5,11,0
1_EMBFALSE_D1_DrugRNAseq_U_R,H37Rv,Untreated,0,24,7,5,11,1
2_EMBFALSE_D1_DrugRNAseq_U_R,H37Rv,Untreated,0,24,7,5,11,1
3_EMBFALSE_D1_DrugRNAseq_U_R,H37Rv,Untreated,0,24,7,5,11,1
4_EMBFALSE_D1_DrugRNAseq_U_R,H37Rv,Untreated,0,24,7,5,11,1
5_DDSTRUE_D1_DrugRNAseq_U_R,H37Rv,Dapsone,25uM,24,8,5,12,0
6_DDSTRUE_D1_DrugRNAseq_U_R,H37Rv,Dapsone,25uM,24,8,5,12,0
7_DDSTRUE_D1_DrugRNAseq_U_R,H37Rv,Dapsone,25uM,24,8,5,12,0
8_DDSTRUE_D1_DrugRNAseq_U_R,H37Rv,Dapsone,25uM,24,8,5,12,0
1_DDSFALSE_D1_DrugRNAseq_U_R,H37Rv,Untreated,0,24,8,5,12,1
2_DDSFALSE_D1_DrugRNAseq_U_R,H37Rv,Untreated,0,24,8,5,12,1
3_DDSFALSE_D1_DrugRNAseq_U_R,H37Rv,Untreated,0,24,8,5,12,1
4_DDSFALSE_D1_DrugRNAseq_U_R,H37Rv,Untreated,0,24,8,5,12,1
5_LZDTRUE_D1_DrugRNAseq_U_R,H37Rv,LZD,4uM,24,9,5,13,0
6_LZDTRUE_D1_DrugRNAseq_U_R,H37Rv,LZD,4uM,24,9,5,13,0
7_LZDTRUE_D1_DrugRNAseq_U_R,H37Rv,LZD,4uM,24,9,5,13,0
8_LZDTRUE_D1_DrugRNAseq_U_R,H37Rv,LZD,4uM,24,9,5,13,0
1_LZDFALSE_D1_DrugRNAseq_U_R,H37Rv,Untreated,0,24,9,5,13,1
3_LZDFALSE_D1_DrugRNAseq_U_R,H37Rv,Untreated,0,24,9,5,13,1
4_LZDFALSE_D1_DrugRNAseq_U_R,H37Rv,Untreated,0,24,9,5,13,1
5_SMXTRUE_D1_DrugRNAseq_U_R,H37Rv,SMX,12.5uM,24,10,5,14,0
6_SMXTRUE_D1_DrugRNAseq_U_R,H37Rv,SMX,12.5uM,24,10,5,14,0
7_SMXTRUE_D1_DrugRNAseq_U_R,H37Rv,SMX,12.5uM,24,10,5,14,0
1_SMXFALSE_D1_DrugRNAseq_U_R,H37Rv,Untreated,0,24,10,5,14,1
2_SMXFALSE_D1_DrugRNAseq_U_R,H37Rv,Untreated,0,24,10,5,14,1
3_SMXFALSE_D1_DrugRNAseq_U_R,H37Rv,Untreated,0,24,10,5,14,1
SQTRUE_D1_DrugRNAseq_U_R1,H37Rv,SQ109,3uM,24,11,5,15,0
SQTRUE_D1_DrugRNAseq_U_R2,H37Rv,SQ109,3uM,24,11,5,15,0
SQTRUE_D1_DrugRNAseq_U_R3,H37Rv,SQ109,3uM,24,11,5,15,0
SQTRUE_D1_DrugRNAseq_U_R4,H37Rv,SQ109,3uM,24,11,5,15,0
SQFALSE_D1_DrugRNAseq_U_R1,H37Rv,Untreated,0,24,11,5,15,1
SQFALSE_D1_DrugRNAseq_U_R2,H37Rv,Untreated,0,24,11,5,15,1
SQFALSE_D1_DrugRNAseq_U_R3,H37Rv,Untreated,0,24,11,5,15,1
SQFALSE_D1_DrugRNAseq_U_R4,H37Rv,Untreated,0,24,11,5,15,1
CLATRUE_D1_DrugRNAseq_U_R1,H37Rv,CLA,20uM,24,12,5,16,0
CLATRUE_D1_DrugRNAseq_U_R2,H37Rv,CLA,20uM,24,12,5,16,0
CLATRUE_D1_DrugRNAseq_U_R3,H37Rv,CLA,20uM,24,12,5,16,0
CLAFALSE_D1_DrugRNAseq_U_R1,H37Rv,Untreated,0,24,12,5,16,1
CLAFALSE_D1_DrugRNAseq_U_R2,H37Rv,Untreated,0,24,12,5,16,1
CLAFALSE_D1_DrugRNAseq_U_R3,H37Rv,Untreated,0,24,12,5,16,1
1_P218TRUE_D1_DrugRNAseq_U_R,H37Rv,P218,0.1uM,24,13,5,17,0
2_P218TRUE_D1_DrugRNAseq_U_R,H37Rv,P218,0.1uM,24,13,5,17,0
3_P218TRUE_D1_DrugRNAseq_U_R,H37Rv,P218,0.1uM,24,13,5,17,0
4_P218TRUE_D1_DrugRNAseq_U_R,H37Rv,P218,0.1uM,24,13,5,17,0
5_P218FALSE_D1_DrugRNAseq_U_R,H37Rv,Untreated,0,24,13,5,17,1
6_P218FALSE_D1_DrugRNAseq_U_R,H37Rv,Untreated,0,24,13,5,17,1
7_P218FALSE_D1_DrugRNAseq_U_R,H37Rv,Untreated,0,24,13,5,17,1
8_P218FALSE_D1_DrugRNAseq_U_R,H37Rv,Untreated,0,24,13,5,17,1
BTZTRUE_D1_DrugRNAseq_U_R1,H37Rv,BTZ043,0.006uM,24,14,5,18,0
BTZTRUE_D1_DrugRNAseq_U_R2,H37Rv,BTZ043,0.006uM,24,14,5,18,0
BTZTRUE_D1_DrugRNAseq_U_R3,H37Rv,BTZ043,0.006uM,24,14,5,18,0
BTZTRUE_D1_DrugRNAseq_U_R4,H37Rv,BTZ043,0.006uM,24,14,5,18,0
BTZFALSE_D1_DrugRNAseq_U_R1,H37Rv,Untreated,0,24,14,5,18,1
BTZFALSE_D1_DrugRNAseq_U_R2,H37Rv,Untreated,0,24,14,5,18,1
BTZFALSE_D1_DrugRNAseq_U_R3,H37Rv,Untreated,0,24,14,5,18,1
BTZFALSE_D1_DrugRNAseq_U_R4,H37Rv,Untreated,0,24,14,5,18,1
GSM4818899,H37Rv,ND-011992,5uM,6,15,4,19,0
GSM4818900,H37Rv,ND-011992,5uM,6,15,4,19,0
GSM4818901,H37Rv,ND-011992,5uM,6,15,4,19,0
GSM4818894,H37Rv,Q203,50nM,6,15,4,19,0
GSM4818895,H37Rv,Q203,50nM,6,15,4,19,0
GSM4818905,H37Rv,Q203 + ND-011992,50nM+5uM,6,15,4,19,0
GSM4818906,H37Rv,Q203 + ND-011992,50nM+5uM,6,15,4,19,0
GSM4818907,H37Rv,Q203 + ND-011992,50nM+5uM,6,15,4,19,0
R7936.bam,H37Rv,Disulfiram+DMSO,3.12uM,24,16,5,20,0
R7937.bam,H37Rv,Disulfiram+DMSO,3.12uM,24,16,5,20,0
R7938.bam,H37Rv,Disulfiram+DMSO,3.12uM,24,16,5,20,0
R7939.bam,H37Rv,Disulfiram+DMSO,3.12uM,24,16,5,20,0
R7941.bam,H37Rv,Disulfiram+DMSO,31.2uM,24,16,5,20,0
R7942.bam,H37Rv,Disulfiram+DMSO,31.2uM,24,16,5,20,0
R7943.bam,H37Rv,Disulfiram+DMSO,31.2uM,24,16,5,20,0
R7944.bam,H37Rv,Disulfiram+DMSO,31.2uM,24,16,5,20,0
R7932.bam,H37Rv,DMSO,0,24,16,5,20,1
R7933.bam,H37Rv,DMSO,0,24,16,5,20,1
R7934_R.bam,H37Rv,DMSO,0,24,16,5,20,1
NCA_1H_R1_S4,H37Rv,NCA,2ug/mL,1,17,3,21,0
NCA_1H_R2_S5,H37Rv,NCA,2ug/mL,1,17,3,21,0
NCA_1H_R3_S6,H37Rv,NCA,2ug/mL,1,17,3,21,0
NTP_1H_R1_S7,H37Rv,NTP,32ug/mL(?),1,17,3,21,0
NTP_1H_R2_S8,H37Rv,NTP,32ug/mL(?),1,17,3,21,0
NTP_1H_R3_S9,H37Rv,NTP,32ug/mL(?),1,17,3,21,0
Rv_1H_R1_S1,H37Rv,Untreated,0,1,17,3,21,1
Rv_1H_R2_S2,H37Rv,Untreated,0,1,17,3,21,1
Rv_1H_R3_S3,H37Rv,Untreated,0,1,17,3,21,1
NCA_6H_R1_S13,H37Rv,NCA,2ug/mL,6,17,4,22,0
NCA_6H_R2_S14,H37Rv,NCA,2ug/mL,6,17,4,22,0
NCA_6H_R3_S15,H37Rv,NCA,2ug/mL,6,17,4,22,0
NTP_6H_R1_S16,H37Rv,NTP,32ug/mL(?),6,17,4,22,0
NTP_6H_R2_S17,H37Rv,NTP,32ug/mL(?),6,17,4,22,0
NTP_6H_R3_S18,H37Rv,NTP,32ug/mL(?),6,17,4,22,0
Rv_6H_R1_S10,H37Rv,Untreated,0,6,17,4,22,1
Rv_6H_R2_S11,H37Rv,Untreated,0,6,17,4,22,1
Rv_6H_R3_S12,H37Rv,Untreated,0,6,17,4,22,1
NCA_24H_R1_S22,H37Rv,NCA,2ug/mL,24,17,5,23,0
NCA_24H_R2_S23,H37Rv,NCA,2ug/mL,24,17,5,23,0
NCA_24H_R3_S24,H37Rv,NCA,2ug/mL,24,17,5,23,0
NTP_24H_R1_S25,H37Rv,NTP,32ug/mL(?),24,17,5,23,0
NTP_24H_R2_S26,H37Rv,NTP,32ug/mL(?),24,17,5,23,0
NTP_24H_R3_S27,H37Rv,NTP,32ug/mL(?),24,17,5,23,0
Rv_24H_R1_S19,H37Rv,Untreated,0,24,17,5,23,1
Rv_24H_R2_S20,H37Rv,Untreated,0,24,17,5,23,1
Rv_24H_R3_S21,H37Rv,Untreated,0,24,17,5,23,1
SEL8_7H9_GO_R1_S32,H37Rv,SEL,16ug/mL,16,18,5,24,0
SEL8_7H9_GO_R2_S33,H37Rv,SEL,16ug/mL,16,18,5,24,0
SEL8_7H9_GO_R3_S34,H37Rv,SEL,16ug/mL,16,18,5,24,0
SEL16_7H9_GO_R1_S35,H37Rv,SEL,32ug/mL,16,18,5,24,0
SEL16_7H9_GO_R2_S36,H37Rv,SEL,32ug/mL,16,18,5,24,0
SEL16_7H9_GO_R3_S37,H37Rv,SEL,32ug/mL,16,18,5,24,0
SEL32_7H9_GO_R1_S38,H37Rv,SEL,64ug/mL,16,18,5,24,0
SEL32_7H9_GO_R2_S39,H37Rv,SEL,64ug/mL,16,18,5,24,0
SEL32_7H9_GO_R3_S40,H37Rv,SEL,64ug/mL,16,18,5,24,0
SEL32_7H9_GOT_R1_S44,H37Rv,SEL+TYL,64ug/mL+0.05%,16,18,5,24,0
SEL32_7H9_GOT_R2_S45,H37Rv,SEL+TYL,64ug/mL+0.05%,16,18,5,24,0
SEL32_7H9_GOT_R3_S46,H37Rv,SEL+TYL,64ug/mL+0.05%,16,18,5,24,0
Untreated_7H9_GOT_R1_S41,H37Rv,TYL,0.05%,16,18,5,24,0
Untreated_7H9_GOT_R2_S42,H37Rv,TYL,0.05%,16,18,5,24,0
Untreated_7H9_GOT_R3_S43,H37Rv,TYL,0.05%,16,18,5,24,0
Untreated_7H9_GO_R1_S29,H37Rv,Untreated,0,16,18,5,24,1
Untreated_7H9_GO_R2_S30,H37Rv,Untreated,0,16,18,5,24,1
Untreated_7H9_GO_R3_S31,H37Rv,Untreated,0,16,18,5,24,1
Rv_1X_OPC_MIC_T16_Set_B_R1,H37Rv,OPC-167832,1xMIC,16,19,5,25,0
Rv_1X_OPC_MIC_T16_Set_B_R2,H37Rv,OPC-167832,1xMIC,16,19,5,25,0
Rv_2X_OPC_MIC_T16_Set_B_R1,H37Rv,OPC-167832,2xMIC,16,19,5,25,0
Rv_2X_OPC_MIC_T16_Set_B_R2,H37Rv,OPC-167832,2xMIC,16,19,5,25,0
Rv_4X_OPC_MIC_T16_Set_B_R1,H37Rv,OPC-167832,4xMIC,16,19,5,25,0
Rv_4X_OPC_MIC_T16_Set_B_R2,H37Rv,OPC-167832,4xMIC,16,19,5,25,0
Rv_T16_Set_B_R1,H37Rv,Untreated,0,16,19,5,25,1
Rv_T16_Set_B_R2,H37Rv,Untreated,0,16,19,5,25,1
H37Rv_0_2uM_CFZ_T16_R1_S16_R1,H37Rv,CFZ,0.2uM,16,20,5,26,0
H37Rv_0_2uM_CFZ_T16_R2_S17_R1,H37Rv,CFZ,0.2uM,16,20,5,26,0
H37Rv_0_2uM_CFZ_T16_R3_S18_R1,H37Rv,CFZ,0.2uM,16,20,5,26,0
H37Rv_0_8uM_CFZ_T16_R1_S19_R1,H37Rv,CFZ,0.8uM,16,20,5,26,0
H37Rv_0_8uM_CFZ_T16_R2_S20_R1,H37Rv,CFZ,0.8uM,16,20,5,26,0
H37Rv_0_8uM_CFZ_T16_R3_S21_R1,H37Rv,CFZ,0.8uM,16,20,5,26,0
H37Rv_3_2uM_CFZ_T16_R1_S22_R1,H37Rv,CFZ,3.2uM,16,20,5,26,0
H37Rv_3_2uM_CFZ_T16_R2_S23_R1,H37Rv,CFZ,3.2uM,16,20,5,26,0
H37Rv_3_2uM_CFZ_T16_R3_S24_R1,H37Rv,CFZ,3.2uM,16,20,5,26,0
H37Rv__005uM_MOX_T16_R1_S7_R1,H37Rv,MXF,0.005uM,16,20,5,26,0
H37Rv__005uM_MOX_T16_R2_S8_R1,H37Rv,MXF,0.005uM,16,20,5,26,0
H37Rv__005uM_MOX_T16_R3_S9_R1,H37Rv,MXF,0.005uM,16,20,5,26,0
H37Rv_0_02uM_MOX_T16_R2_S11_R1,H37Rv,MXF,0.02uM,16,20,5,26,0
H37Rv_0_02uM_MOX_T16_R3_S12_R1,H37Rv,MXF,0.02uM,16,20,5,26,0
H37Rv_0_08uM_MOX_T16_R1_S13_R1,H37Rv,MXF,0.08uM,16,20,5,26,0
H37Rv_0_08uM_MOX_T16_R2_S14_R1,H37Rv,MXF,0.08uM,16,20,5,26,0
H37Rv_0_08uM_MOX_T16_R3_S15_R1,H37Rv,MXF,0.08uM,16,20,5,26,0
H37Rv_0_2uM_PA824_T16_R1_S25_R1,H37Rv,PA824,0.2uM,16,20,5,26,0
H37Rv_0_2uM_PA824_T16_R2_S26_R1,H37Rv,PA824,0.2uM,16,20,5,26,0
H37Rv_0_2uM_PA824_T16_R3_S27_R1,H37Rv,PA824,0.2uM,16,20,5,26,0
H37Rv_0_8uM_PA824_T16_R1_S28_R1,H37Rv,PA824,0.8uM,16,20,5,26,0
H37Rv_0_8uM_PA824_T16_R2_S29_R1,H37Rv,PA824,0.8uM,16,20,5,26,0
H37Rv_0_8uM_PA824_T16_R3_S30_R1,H37Rv,PA824,0.8uM,16,20,5,26,0
H37Rv_3_2uM_PA824_T16_R1_S31_R1,H37Rv,PA824,3.2uM,16,20,5,26,0
H37Rv_3_2uM_PA824_T16_R2_S32_R1,H37Rv,PA824,3.2uM,16,20,5,26,0
H37Rv_3_2uM_PA824_T16_R3_S33_R1,H37Rv,PA824,3.2uM,16,20,5,26,0
H37RvNDT16R1_S4_R1,H37Rv,Untreated,0,16,20,5,26,1
H37RvNDT16R2_S5_R1,H37Rv,Untreated,0,16,20,5,26,1
H37RvNDT16R3_S6_R1,H37Rv,Untreated,0,16,20,5,26,1
H37Rv_0_025ug_ml_RPE_T16_R1_S19,H37Rv,RPE,0.025ug/mL,16,21,5,27,0
H37Rv_0_025ug_ml_RPE_T16_R3_S21,H37Rv,RPE,0.025ug/mL,16,21,5,27,0
H37Rv_ND_RPE_T16_R1_S16,H37Rv,Untreated,0,16,21,5,27,1
H37Rv_ND_RPE_T16_R2_S17,H37Rv,Untreated,0,16,21,5,27,1
H37Rv_ND_RPE_T16_R3_S18,H37Rv,Untreated,0,16,21,5,27,1
H37Rv_2mg_ml_PZA_T16_R1_S10,H37Rv,PZA,2mg/mL,16,22,5,28,0
H37Rv_2mg_ml_PZA_T16_R2_S11,H37Rv,PZA,2mg/mL,16,22,5,28,0
H37Rv_2mg_ml_PZA_T16_R3_S12,H37Rv,PZA,2mg/mL,16,22,5,28,0
H37Rv_5mg_ml_PZA_T16_R1_S7,H37Rv,PZA,5mg/mL,16,22,5,28,0
H37Rv_5mg_ml_PZA_T16_R2_S8,H37Rv,PZA,5mg/mL,16,22,5,28,0
H37Rv_5mg_ml_PZA_T16_R3_S9,H37Rv,PZA,5mg/mL,16,22,5,28,0
H37Rv_ND_PZA_T16_R1_S4,H37Rv,Untreated,0,16,22,5,28,1
H37Rv_ND_PZA_T16_R2_S5,H37Rv,Untreated,0,16,22,5,28,1
H37Rv_ND_PZA_T16_R3_S6,H37Rv,Untreated,0,16,22,5,28,1
CDC1551_INH_D1_OTB_drug_transcriptome_U_R2_S20_R1.fastq.gz,CDC1551,INH,3.6uM,24,23,5,29,0
CDC1551_INH_D1_OTB_drug_transcriptome_U_R3_S21_R1.fastq.gz,CDC1551,INH,3.6uM,24,23,5,29,0
CDC1551_IHN_D1_OTB_drug_transcriptome_U_R1_S36_R1,CDC1551,INH,3.6uM,24,23,5,29,0
CDC1551_RIF_D1_OTB_drug_transcriptome_U_R1_S4_R1,CDC1551,RIF,0.03uM,24,23,5,29,0
CDC1551_RIF_D1_OTB_drug_transcriptome_U_R2_S5_R1,CDC1551,RIF,0.03uM,24,23,5,29,0
CDC1551_RIF_D1_OTB_drug_transcriptome_U_R3_S6_R1,CDC1551,RIF,0.03uM,24,23,5,29,0
CDC1552_RIF_D1_OTB.Transcriptomics_U_R2,CDC1551,RIF,0.03uM,24,23,5,29,0
CDC1553_RIF_D1_OTB.Transcriptomics_U_R3,CDC1551,RIF,0.03uM,24,23,5,29,0
CDC1551_INH_D8_OTB_drug_transcriptome_U_R1_S33_R1.fastq.gz,CDC1551,INH,3.6uM,192,23,8,30,0
CDC1551_INH_D8_OTB_drug_transcriptome_U_R2_S34_R1.fastq.gz,CDC1551,INH,3.6uM,192,23,8,30,0
CDC1551_INH_D8_OTB_drug_transcriptome_U_R3_S35_R1.fastq.gz,CDC1551,INH,3.6uM,192,23,8,30,0
CDC1551_RIF_D8_OTB_drug_transcriptome_U_R1_S20_R1,CDC1551,RIF,0.03uM,192,23,8,30,0
CDC1551_RIF_D8_OTB_drug_transcriptome_U_R2_S21_R1,CDC1551,RIF,0.03uM,192,23,8,30,0
CDC1551_RIF_D8_OTB_drug_transcriptome_U_R3_S22_R1,CDC1551,RIF,0.03uM,192,23,8,30,0
H37Rv_IHN_D1_OTB_drug_transcriptome_U_R1_S33_R1,H37Rv,INH,3.6uM,24,23,5,31,0
H37Rv_IHN_D1_OTB_drug_transcriptome_U_R2_S34_R1,H37Rv,INH,3.6uM,24,23,5,31,0
H37Rv_IHN_D1_OTB_drug_transcriptome_U_R3_S35_R1,H37Rv,INH,3.6uM,24,23,5,31,0
H37Rv_RIF_D1_OTB_drug_transcriptome_U_R1_S1_R1,H37Rv,RIF,0.03uM,24,23,5,31,0
H37Rv_RIF_D1_OTB_drug_transcriptome_U_R2_S2_R1,H37Rv,RIF,0.03uM,24,23,5,31,0
H37Rv_RIF_D1_OTB_drug_transcriptome_U_R3_S3_R1,H37Rv,RIF,0.03uM,24,23,5,31,0
H37Rv_RIF_D1_OTB.Transcriptomics_U_R1,H37Rv,RIF,0.03uM,24,23,5,31,0
H37Rv_RIF_D1_OTB.Transcriptomics_U_R2,H37Rv,RIF,0.03uM,24,23,5,31,0
H37Rv_RIF_D1_OTB.Transcriptomics_U_R3,H37Rv,RIF,0.03uM,24,23,5,31,0
H37Rv_INH_D8_OTB_drug_transcriptome_U_R1_S30_R1.fastq.gz,H37Rv,INH,3.6uM,192,23,8,32,0
H37Rv_INH_D8_OTB_drug_transcriptome_U_R2_S31_R1.fastq.gz,H37Rv,INH,3.6uM,192,23,8,32,0
H37Rv_INH_D8_OTB_drug_transcriptome_U_R3_S32_R1.fastq.gz,H37Rv,INH,3.6uM,192,23,8,32,0
H37Rv_RIF_D8_OTB_drug_transcriptome_U_R1_S19_R1,H37Rv,RIF,0.03uM,192,23,8,32,0
HN878_INH_D1_OTB_drug_transcriptome_U_R1_S26_R1.fastq.gz,HN878,INH,3.6uM,24,23,5,33,0
HN878_INH_D1_OTB_drug_transcriptome_U_R2_S27_R1.fastq.gz,HN878,INH,3.6uM,24,23,5,33,0
HN878_INH_D1_OTB_drug_transcriptome_U_R3_S28_R1.fastq.gz,HN878,INH,3.6uM,24,23,5,33,0
HN878_RIF_D1_OTB_drug_transcriptome_U_R1_S13_R1,HN878,RIF,0.03uM,24,23,5,33,0
HN878_RIF_D1_OTB_drug_transcriptome_U_R2_S14_R1,HN878,RIF,0.03uM,24,23,5,33,0
HN878_RIF_D1_OTB_drug_transcriptome_U_R3_S15_R1,HN878,RIF,0.03uM,24,23,5,33,0
HN878_RIF_D1_OTB.Transcriptomics_U_R1,HN878,RIF,0.03uM,24,23,5,33,0
HN878_RIF_D1_OTB.Transcriptomics_U_R2,HN878,RIF,0.03uM,24,23,5,33,0
HN878_RIF_D1_OTB.Transcriptomics_U_R3,HN878,RIF,0.03uM,24,23,5,33,0
HN878_RIF_D8_OTB_drug_transcriptome_U_R1_S28_R1,HN878,RIF,0.03uM,192,23,8,34,0
HN878_RIF_D8_OTB_drug_transcriptome_U_R3_S29_R1,HN878,RIF,0.03uM,192,23,8,34,0
SA161_INH_D1_OTB_drug_transcriptome_U_R2_S23_R1.fastq.gz,SA161,INH,3.6uM,24,23,5,35,0
SA161_RIF_D1_OTB_drug_transcriptome_U_R1_S7_R1,SA161,RIF,0.03uM,24,23,5,35,0
SA161_RIF_D1_OTB_drug_transcriptome_U_R2_S8_R1,SA161,RIF,0.03uM,24,23,5,35,0
SA161_RIF_D1_OTB.Transcriptomics_U_R1,SA161,RIF,0.03uM,24,23,5,35,0
SA161_RIF_D1_OTB.Transcriptomics_U_R2,SA161,RIF,0.03uM,24,23,5,35,0
SA161_RIF_D1_OTB.Transcriptomics_U_R3,SA161,RIF,0.03uM,24,23,5,35,0
SA161_IHN_D8_OTB_drug_transcriptome_U_R2_S36_R1.fastq.gz,SA161,INH,3.6uM,192,23,8,36,0
SA161_RIF_D8_OTB_drug_transcriptome_U_R1_S23_R1,SA161,RIF,0.03uM,192,23,8,36,0
SA161_RIF_D8_OTB_drug_transcriptome_U_R2_S24_R1,SA161,RIF,0.03uM,192,23,8,36,0
SA161_RIF_D8_OTB_drug_transcriptome_U_R3_S25_R1,SA161,RIF,0.03uM,192,23,8,36,0
SG1_INH_D1_OTB_drug_transcriptome_U_R2_S29_R1.fastq.gz,SG1,INH,3.6uM,24,23,5,37,0
SG1_RIF_D1_OTB_drug_transcriptome_U_R1_S16_R1,SG1,RIF,0.03uM,24,23,5,37,0
SG1_RIF_D1_OTB_drug_transcriptome_U_R2_S17_R1,SG1,RIF,0.03uM,24,23,5,37,0
SG1_RIF_D1_OTB_drug_transcriptome_U_R3_S18_R1,SG1,RIF,0.03uM,24,23,5,37,0
SG1_RIF_D1_OTB.Transcriptomics_U_R1,SG1,RIF,0.03uM,24,23,5,37,0
SG1_RIF_D1_OTB.Transcriptomics_U_R2,SG1,RIF,0.03uM,24,23,5,37,0
SG1_RIF_D1_OTB.Transcriptomics_U_R3,SG1,RIF,0.03uM,24,23,5,37,0
SG1_RIF_D8_OTB_drug_transcriptome_U_R1_S30_R1,SG1,RIF,0.03uM,192,23,8,38,0
SG1_RIF_D8_OTB_drug_transcriptome_U_R2_S31_R1,SG1,RIF,0.03uM,192,23,8,38,0
SG1_RIF_D8_OTB_drug_transcriptome_U_R3_S32_R1,SG1,RIF,0.03uM,192,23,8,38,0
T46_INH_D1_OTB_drug_transcriptome_U_R2_S24_R1.fastq.gz,T46,INH,3.6uM,24,23,5,39,0
T46_INH_D1_OTB_drug_transcriptome_U_R3_S25_R1.fastq.gz,T46,INH,3.6uM,24,23,5,39,0
T46x_RIF_D1_OTB.Transcriptomics_U_R1,T46,RIF,0.03uM,24,23,5,39,0
T46x_RIF_D1_OTB.Transcriptomics_U_R2,T46,RIF,0.03uM,24,23,5,39,0
T46x_RIF_D1_OTB.Transcriptomics_U_R3,T46,RIF,0.03uM,24,23,5,39,0
T46_RIF_D8_OTB_drug_transcriptome_U_R1_S26_R1,T46,RIF,0.03uM,192,23,8,40,0
T46_RIF_D8_OTB_drug_transcriptome_U_R2_S27_R1,T46,RIF,0.03uM,192,23,8,40,0
BTZ16_r2,H37Rv,BTZ,0.05uM,16,24,5,41,0
BTZ16_r3,H37Rv,BTZ,0.05uM,16,24,5,41,0
BTZ16_r4,H37Rv,BTZ,0.05uM,16,24,5,41,0
EMB16_r1,H37Rv,EMB,2.45uM,16,24,5,41,0
EMB16_r2,H37Rv,EMB,2.45uM,16,24,5,41,0
EMB16_r3,H37Rv,EMB,2.45uM,16,24,5,41,0
SEL16_r2,H37Rv,SEL,2ug/mL,16,24,5,41,0
SEL16_r3,H37Rv,SEL,2ug/mL,16,24,5,41,0
SEL16_r4,H37Rv,SEL,2ug/mL,16,24,5,41,0
NoDrug16_r1,H37Rv,Untreated,0,16,24,5,41,1
NoDrug16_r3,H37Rv,Untreated,0,16,24,5,41,1
NoDrug16_r4,H37Rv,Untreated,0,16,24,5,41,1
BTZ48_r1,H37Rv,BTZ,0.2uM,48,24,6,42,0
BTZ48_r2,H37Rv,BTZ,0.2uM,48,24,6,42,0
BTZ48_r3,H37Rv,BTZ,0.2uM,48,24,6,42,0
EMB48_r1,H37Rv,EMB,9.8uM,48,24,6,42,0
EMB48_r2,H37Rv,EMB,9.8uM,48,24,6,42,0
EMB48_r4,H37Rv,EMB,9.8uM,48,24,6,42,0
EMB.BTZ48_r1,H37Rv,EMB+BTZ,9.8uM+0.2uM,48,24,6,42,0
EMB.BTZ48_r2,H37Rv,EMB+BTZ,9.8uM+0.2uM,48,24,6,42,0
EMB.BTZ48_r3,H37Rv,EMB+BTZ,9.8uM+0.2uM,48,24,6,42,0
SEL48_r1,H37Rv,SEL,8ug/mL,48,24,6,42,0
SEL48_r2,H37Rv,SEL,8ug/mL,48,24,6,42,0
SEL48_r3,H37Rv,SEL,8ug/mL,48,24,6,42,0
SEL.BTZ48_r1,H37Rv,SEL+BTZ,8ug/mL+0.2uM,48,24,6,42,0
SEL.BTZ48_r2,H37Rv,SEL+BTZ,8ug/mL+0.2uM,48,24,6,42,0
SEL.BTZ48_r3,H37Rv,SEL+BTZ,8ug/mL+0.2uM,48,24,6,42,0
SEL.EMB48_r1,H37Rv,SEL+EMB,8ug/mL+9.8uM,48,24,6,42,0
SEL.EMB48_r3,H37Rv,SEL+EMB,8ug/mL+9.8uM,48,24,6,42,0
SEL.EMB48_r4,H37Rv,SEL+EMB,8ug/mL+9.8uM,48,24,6,42,0
Triple48_r1,H37Rv,SEL+EMB+BTZ,8ug/mL+9.8uM+0.2uM,48,24,6,42,0
Triple48_r2,H37Rv,SEL+EMB+BTZ,8ug/mL+9.8uM+0.2uM,48,24,6,42,0
Triple48_r4,H37Rv,SEL+EMB+BTZ,8ug/mL+9.8uM+0.2uM,48,24,6,42,0
NoDrug48_r1,H37Rv,Untreated,0,48,24,6,42,1
NoDrug48_r2,H37Rv,Untreated,0,48,24,6,42,1
NoDrug48_r4,H37Rv,Untreated,0,48,24,6,42,1
Rv_4X_KasA1_MIC_T16_Set_A_2__R1_S43,H37Rv,KasA1_anlg,0.66ug/mL,16,31,5,43,0
Rv_4X_KasA1_MIC_T16_Set_A_2__R2_S44,H37Rv,KasA1_anlg,0.66ug/mL,16,31,5,43,0
Rv_2X_MPL_204_MIC_T16_Set_A_2__R1_S41,H37Rv,MPL-204,0.03ug/mL,16,31,5,43,0
Rv_2X_MPL_204_MIC_T16_Set_A_2__R2_S42,H37Rv,MPL-204,0.03ug/mL,16,31,5,43,0
Rv_4X_SFT_MIC_T16_Set_A_1__R1_S28,H37Rv,SFT,4xMIC,16,31,5,43,0
Rv_4X_SFT_MIC_T16_Set_A_1__R2_S29,H37Rv,SFT,4xMIC,16,31,5,43,0
Rv_4X_SFT_MIC_T16_Set_A_1__R3_S30,H37Rv,SFT,4xMIC,16,31,5,43,0
Rv_4X_TBA_7371_MIC_T16_Set_A_2__R1_S35,H37Rv,TBA-7371,3.78ug/mL,16,31,5,43,0
Rv_4X_TBA_7371_MIC_T16_Set_A_2__R2_S36,H37Rv,TBA-7371,3.78ug/mL,16,31,5,43,0
Rv_1X_TBAJ_876_MIC_T16_Set_A_2__R1_S37,H37Rv,TBAJ-876,0.032ug/mL,16,31,5,43,0
Rv_1X_TBAJ_876_MIC_T16_Set_A_2__R2_S38,H37Rv,TBAJ-876,0.032ug/mL,16,31,5,43,0
Rv_1X_TBI_223_MIC_T16_Set_A_2__R1_S39,H37Rv,TBI-223,1xMIC,16,31,5,43,0
Rv_1X_TBI_223_MIC_T16_Set_A_2__R2_S40,H37Rv,TBI-223,1xMIC,16,31,5,43,0
Rv_T16_Set_A_1__R1__S25,H37Rv,Untreated,0,16,31,5,43,1
Rv_T16_Set_A_1__R2_S26,H37Rv,Untreated,0,16,31,5,43,1
Rv_T16_Set_A_1__R3_S27,H37Rv,Untreated,0,16,31,5,43,1
Rv_T16_Set_A_2__R1__S33,H37Rv,Untreated,0,16,31,5,43,1
Rv_T16_Set_A_2__R2_S34,H37Rv,Untreated,0,16,31,5,43,1
Rv_4X_KasA1_MIC_T16_Set_B_1_R1_S57,H37Rv,KasA1_anlg,0.66ug/mL,16,32,5,44,0
Rv_2X_MPL_204_MIC_T16_Set_B_1_R1_S55,H37Rv,MPL-204,0.03ug/mL,16,32,5,44,0
Rv_2X_MPL_204_MIC_T16_Set_B_1_R2_S56,H37Rv,MPL-204,0.03ug/mL,16,32,5,44,0
Rv_4X_TBA_7371_MIC_T16_Set_B_1_R1_S49,H37Rv,TBA-7371,3.78ug/mL,16,32,5,44,0
Rv_1X_TBAJ_876_MIC_T16_Set_B_1_R1_S51,H37Rv,TBAJ-876,0.032ug/mL,16,32,5,44,0
Rv_1X_TBAJ_876_MIC_T16_Set_B_1_R2_S52,H37Rv,TBAJ-876,0.032ug/mL,16,32,5,44,0
Rv_1X_TBI_223_MIC_T16_Set_B_1_R1_S53,H37Rv,TBI-223,1xMIC,16,32,5,44,0
Rv_1X_TBI_223_MIC_T16_Set_B_1_R2_S54,H37Rv,TBI-223,1xMIC,16,32,5,44,0
Rv_T16_Set_B_1_R1__S47,H37Rv,Untreated,0,16,32,5,44,1
Rv_T16_Set_B_1_R2_S48,H37Rv,Untreated,0,16,32,5,44,1
